{"v":"5.6.9","fr":30,"ip":0,"op":60,"w":375,"h":105,"nm":"Wave","ddd":0,"assets":[{"id":"image_0","w":444,"h":171,"u":"images/","p":"img_0.png","e":0},{"id":"image_1","w":375,"h":812,"u":"images/","p":"img_1.png","e":0}],"layers":[{"ddd":0,"ind":1,"ty":2,"nm":"Group 24.png","cl":"png","refId":"image_0","sr":1,"ks":{"o":{"a":0,"k":100,"ix":11},"r":{"a":0,"k":0,"ix":10},"p":{"a":0,"k":[187.5,100.5,0],"ix":2},"a":{"a":0,"k":[222,85.5,0],"ix":1},"s":{"a":0,"k":[100,100,100],"ix":6}},"ao":0,"ef":[{"ty":5,"nm":"Волнообразная деформация","np":10,"mn":"ADBE Wave Warp","ix":1,"en":1,"ef":[{"ty":7,"nm":"Тип волны","mn":"ADBE Wave Warp-0001","ix":1,"v":{"a":0,"k":1,"ix":1}},{"ty":0,"nm":"Высота волны","mn":"ADBE Wave Warp-0002","ix":2,"v":{"a":0,"k":-5,"ix":2}},{"ty":0,"nm":"Ширина волны","mn":"ADBE Wave Warp-0003","ix":3,"v":{"a":0,"k":69.9,"ix":3}},{"ty":0,"nm":"Направление","mn":"ADBE Wave Warp-0004","ix":4,"v":{"a":0,"k":90,"ix":4}},{"ty":7,"nm":"Скорость волны","mn":"ADBE Wave Warp-0005","ix":5,"v":{"a":0,"k":1,"ix":5}},{"ty":7,"nm":"Пиннинг","mn":"ADBE Wave Warp-0006","ix":6,"v":{"a":0,"k":10,"ix":6}},{"ty":0,"nm":"Фаза","mn":"ADBE Wave Warp-0007","ix":7,"v":{"a":0,"k":0,"ix":7}},{"ty":7,"nm":"Сглаживание (лучшее качество)","mn":"ADBE Wave Warp-0008","ix":8,"v":{"a":0,"k":3,"ix":8}}]}],"ip":0,"op":60,"st":0,"bm":0},{"ddd":0,"ind":2,"ty":2,"nm":"Frame 90.png","cl":"png","refId":"image_1","sr":1,"ks":{"o":{"a":0,"k":100,"ix":11},"r":{"a":0,"k":0,"ix":10},"p":{"a":0,"k":[187.5,405.5,0],"ix":2},"a":{"a":0,"k":[187.5,406,0],"ix":1},"s":{"a":0,"k":[100,100,100],"ix":6}},"ao":0,"ip":0,"op":60,"st":0,"bm":0}],"markers":[]}